CREATE TABLE IF NOT EXISTS "auth_group" ("id" integer NOT NULL PRIMARY KEY AUTOINCREMENT, "name" varchar(150) NOT NULL UNIQUE);
CREATE UNIQUE INDEX "auth_group_permissions_group_id_permission_id_0cd325b0_uniq" ON "auth_group_permissions" ("group_id", "permission_id");
CREATE INDEX IF NOT EXISTS "auth_group_permissions_group_id_b120cbf9" ON "auth_group_permissions" ("group_id");
CREATE INDEX IF NOT EXISTS "auth_group_permissions_permission_id_84c5c92e" ON "auth_group_permissions" ("permission_id");
CREATE UNIQUE INDEX "auth_user_groups_user_id_group_id_94350c0c_uniq" ON "auth_user_groups" ("user_id", "group_id");
CREATE INDEX IF NOT EXISTS "auth_user_groups_user_id_6a12ed8b" ON "auth_user_groups" ("user_id");
CREATE INDEX IF NOT EXISTS "auth_user_groups_group_id_97559544" ON "auth_user_groups" ("group_id");
CREATE UNIQUE INDEX "auth_user_user_permissions_user_id_permission_id_14a6b632_uniq" ON "auth_user_user_permissions" ("user_id", "permission_id");
CREATE INDEX IF NOT EXISTS "auth_user_user_permissions_user_id_a95ead1b" ON "auth_user_user_permissions" ("user_id");
CREATE INDEX IF NOT EXISTS "auth_user_user_permissions_permission_id_1fbb5f2c" ON "auth_user_user_permissions" ("permission_id");
CREATE INDEX IF NOT EXISTS "django_admin_log_content_type_id_c4bce8eb" ON "django_admin_log" ("content_type_id");
CREATE INDEX IF NOT EXISTS "django_admin_log_user_id_c564eba6" ON "django_admin_log" ("user_id");
CREATE UNIQUE INDEX "django_content_type_app_label_model_76bd3d3b_uniq" ON "django_content_type" ("app_label", "model");
CREATE UNIQUE INDEX "auth_permission_content_type_id_codename_01ab375a_uniq" ON "auth_permission" ("content_type_id", "codename");
CREATE INDEX IF NOT EXISTS "auth_permission_content_type_id_2f476e4b" ON "auth_permission" ("content_type_id");
CREATE INDEX IF NOT EXISTS "django_session_expire_date_a5c62663" ON "django_session" ("expire_date");
CREATE TABLE IF NOT EXISTS "auth_group_permissions" ("id" integer NOT NULL PRIMARY KEY AUTOINCREMENT, "group_id" integer NOT NULL REFERENCES "auth_group" ("id") DEFERRABLE INITIALLY DEFERRED, "permission_id" integer NOT NULL REFERENCES "auth_permission" ("id") DEFERRABLE INITIALLY DEFERRED);
CREATE UNIQUE INDEX "auth_group_permissions_group_id_permission_id_0cd325b0_uniq" ON "auth_group_permissions" ("group_id", "permission_id");
CREATE INDEX IF NOT EXISTS "auth_group_permissions_group_id_b120cbf9" ON "auth_group_permissions" ("group_id");
CREATE INDEX IF NOT EXISTS "auth_group_permissions_permission_id_84c5c92e" ON "auth_group_permissions" ("permission_id");
CREATE UNIQUE INDEX "auth_user_groups_user_id_group_id_94350c0c_uniq" ON "auth_user_groups" ("user_id", "group_id");
CREATE INDEX IF NOT EXISTS "auth_user_groups_user_id_6a12ed8b" ON "auth_user_groups" ("user_id");
CREATE INDEX IF NOT EXISTS "auth_user_groups_group_id_97559544" ON "auth_user_groups" ("group_id");
CREATE UNIQUE INDEX "auth_user_user_permissions_user_id_permission_id_14a6b632_uniq" ON "auth_user_user_permissions" ("user_id", "permission_id");
CREATE INDEX IF NOT EXISTS "auth_user_user_permissions_user_id_a95ead1b" ON "auth_user_user_permissions" ("user_id");
CREATE INDEX IF NOT EXISTS "auth_user_user_permissions_permission_id_1fbb5f2c" ON "auth_user_user_permissions" ("permission_id");
CREATE INDEX IF NOT EXISTS "django_admin_log_content_type_id_c4bce8eb" ON "django_admin_log" ("content_type_id");
CREATE INDEX IF NOT EXISTS "django_admin_log_user_id_c564eba6" ON "django_admin_log" ("user_id");
CREATE UNIQUE INDEX "django_content_type_app_label_model_76bd3d3b_uniq" ON "django_content_type" ("app_label", "model");
CREATE UNIQUE INDEX "auth_permission_content_type_id_codename_01ab375a_uniq" ON "auth_permission" ("content_type_id", "codename");
CREATE INDEX IF NOT EXISTS "auth_permission_content_type_id_2f476e4b" ON "auth_permission" ("content_type_id");
CREATE INDEX IF NOT EXISTS "django_session_expire_date_a5c62663" ON "django_session" ("expire_date");
CREATE TABLE IF NOT EXISTS "auth_permission" ("id" integer NOT NULL PRIMARY KEY AUTOINCREMENT, "content_type_id" integer NOT NULL REFERENCES "django_content_type" ("id") DEFERRABLE INITIALLY DEFERRED, "codename" varchar(100) NOT NULL, "name" varchar(255) NOT NULL);
INSERT INTO "auth_permission" VALUES(1,1,'add_logentry','Can add log entry');
INSERT INTO "auth_permission" VALUES(2,1,'change_logentry','Can change log entry');
INSERT INTO "auth_permission" VALUES(3,1,'delete_logentry','Can delete log entry');
INSERT INTO "auth_permission" VALUES(4,1,'view_logentry','Can view log entry');
INSERT INTO "auth_permission" VALUES(5,2,'add_permission','Can add permission');
INSERT INTO "auth_permission" VALUES(6,2,'change_permission','Can change permission');
INSERT INTO "auth_permission" VALUES(7,2,'delete_permission','Can delete permission');
INSERT INTO "auth_permission" VALUES(8,2,'view_permission','Can view permission');
INSERT INTO "auth_permission" VALUES(9,3,'add_group','Can add group');
INSERT INTO "auth_permission" VALUES(10,3,'change_group','Can change group');
INSERT INTO "auth_permission" VALUES(11,3,'delete_group','Can delete group');
INSERT INTO "auth_permission" VALUES(12,3,'view_group','Can view group');
INSERT INTO "auth_permission" VALUES(13,4,'add_user','Can add user');
INSERT INTO "auth_permission" VALUES(14,4,'change_user','Can change user');
INSERT INTO "auth_permission" VALUES(15,4,'delete_user','Can delete user');
INSERT INTO "auth_permission" VALUES(16,4,'view_user','Can view user');
INSERT INTO "auth_permission" VALUES(17,5,'add_contenttype','Can add content type');
INSERT INTO "auth_permission" VALUES(18,5,'change_contenttype','Can change content type');
INSERT INTO "auth_permission" VALUES(19,5,'delete_contenttype','Can delete content type');
INSERT INTO "auth_permission" VALUES(20,5,'view_contenttype','Can view content type');
INSERT INTO "auth_permission" VALUES(21,6,'add_session','Can add session');
INSERT INTO "auth_permission" VALUES(22,6,'change_session','Can change session');
INSERT INTO "auth_permission" VALUES(23,6,'delete_session','Can delete session');
INSERT INTO "auth_permission" VALUES(24,6,'view_session','Can view session');
INSERT INTO "auth_permission" VALUES(25,7,'add_record','Can add record');
INSERT INTO "auth_permission" VALUES(26,7,'change_record','Can change record');
INSERT INTO "auth_permission" VALUES(27,7,'delete_record','Can delete record');
INSERT INTO "auth_permission" VALUES(28,7,'view_record','Can view record');
CREATE UNIQUE INDEX "auth_group_permissions_group_id_permission_id_0cd325b0_uniq" ON "auth_group_permissions" ("group_id", "permission_id");
CREATE INDEX IF NOT EXISTS "auth_group_permissions_group_id_b120cbf9" ON "auth_group_permissions" ("group_id");
CREATE INDEX IF NOT EXISTS "auth_group_permissions_permission_id_84c5c92e" ON "auth_group_permissions" ("permission_id");
CREATE UNIQUE INDEX "auth_user_groups_user_id_group_id_94350c0c_uniq" ON "auth_user_groups" ("user_id", "group_id");
CREATE INDEX IF NOT EXISTS "auth_user_groups_user_id_6a12ed8b" ON "auth_user_groups" ("user_id");
CREATE INDEX IF NOT EXISTS "auth_user_groups_group_id_97559544" ON "auth_user_groups" ("group_id");
CREATE UNIQUE INDEX "auth_user_user_permissions_user_id_permission_id_14a6b632_uniq" ON "auth_user_user_permissions" ("user_id", "permission_id");
CREATE INDEX IF NOT EXISTS "auth_user_user_permissions_user_id_a95ead1b" ON "auth_user_user_permissions" ("user_id");
CREATE INDEX IF NOT EXISTS "auth_user_user_permissions_permission_id_1fbb5f2c" ON "auth_user_user_permissions" ("permission_id");
CREATE INDEX IF NOT EXISTS "django_admin_log_content_type_id_c4bce8eb" ON "django_admin_log" ("content_type_id");
CREATE INDEX IF NOT EXISTS "django_admin_log_user_id_c564eba6" ON "django_admin_log" ("user_id");
CREATE UNIQUE INDEX "django_content_type_app_label_model_76bd3d3b_uniq" ON "django_content_type" ("app_label", "model");
CREATE UNIQUE INDEX "auth_permission_content_type_id_codename_01ab375a_uniq" ON "auth_permission" ("content_type_id", "codename");
CREATE INDEX IF NOT EXISTS "auth_permission_content_type_id_2f476e4b" ON "auth_permission" ("content_type_id");
CREATE INDEX IF NOT EXISTS "django_session_expire_date_a5c62663" ON "django_session" ("expire_date");
CREATE TABLE IF NOT EXISTS "auth_user" ("id" integer NOT NULL PRIMARY KEY AUTOINCREMENT, "password" varchar(128) NOT NULL, "last_login" datetime NULL, "is_superuser" bool NOT NULL, "username" varchar(150) NOT NULL UNIQUE, "first_name" varchar(30) NOT NULL, "email" varchar(254) NOT NULL, "is_staff" bool NOT NULL, "is_active" bool NOT NULL, "date_joined" datetime NOT NULL, "last_name" varchar(150) NOT NULL);
INSERT INTO "auth_user" VALUES(1,'pbkdf2_sha256$180000$Jr12OE09gj7y$BABq72sVNZ56coNd5plBzD0Vn5EJD8q+eXvsLczU28A=','2022-02-27 03:41:48.444079',1,'riad','','',1,1,'2022-02-27 03:41:35.493907','');
CREATE UNIQUE INDEX "auth_group_permissions_group_id_permission_id_0cd325b0_uniq" ON "auth_group_permissions" ("group_id", "permission_id");
CREATE INDEX IF NOT EXISTS "auth_group_permissions_group_id_b120cbf9" ON "auth_group_permissions" ("group_id");
CREATE INDEX IF NOT EXISTS "auth_group_permissions_permission_id_84c5c92e" ON "auth_group_permissions" ("permission_id");
CREATE UNIQUE INDEX "auth_user_groups_user_id_group_id_94350c0c_uniq" ON "auth_user_groups" ("user_id", "group_id");
CREATE INDEX IF NOT EXISTS "auth_user_groups_user_id_6a12ed8b" ON "auth_user_groups" ("user_id");
CREATE INDEX IF NOT EXISTS "auth_user_groups_group_id_97559544" ON "auth_user_groups" ("group_id");
CREATE UNIQUE INDEX "auth_user_user_permissions_user_id_permission_id_14a6b632_uniq" ON "auth_user_user_permissions" ("user_id", "permission_id");
CREATE INDEX IF NOT EXISTS "auth_user_user_permissions_user_id_a95ead1b" ON "auth_user_user_permissions" ("user_id");
CREATE INDEX IF NOT EXISTS "auth_user_user_permissions_permission_id_1fbb5f2c" ON "auth_user_user_permissions" ("permission_id");
CREATE INDEX IF NOT EXISTS "django_admin_log_content_type_id_c4bce8eb" ON "django_admin_log" ("content_type_id");
CREATE INDEX IF NOT EXISTS "django_admin_log_user_id_c564eba6" ON "django_admin_log" ("user_id");
CREATE UNIQUE INDEX "django_content_type_app_label_model_76bd3d3b_uniq" ON "django_content_type" ("app_label", "model");
CREATE UNIQUE INDEX "auth_permission_content_type_id_codename_01ab375a_uniq" ON "auth_permission" ("content_type_id", "codename");
CREATE INDEX IF NOT EXISTS "auth_permission_content_type_id_2f476e4b" ON "auth_permission" ("content_type_id");
CREATE INDEX IF NOT EXISTS "django_session_expire_date_a5c62663" ON "django_session" ("expire_date");
CREATE TABLE IF NOT EXISTS "auth_user_groups" ("id" integer NOT NULL PRIMARY KEY AUTOINCREMENT, "user_id" integer NOT NULL REFERENCES "auth_user" ("id") DEFERRABLE INITIALLY DEFERRED, "group_id" integer NOT NULL REFERENCES "auth_group" ("id") DEFERRABLE INITIALLY DEFERRED);
CREATE UNIQUE INDEX "auth_group_permissions_group_id_permission_id_0cd325b0_uniq" ON "auth_group_permissions" ("group_id", "permission_id");
CREATE INDEX IF NOT EXISTS "auth_group_permissions_group_id_b120cbf9" ON "auth_group_permissions" ("group_id");
CREATE INDEX IF NOT EXISTS "auth_group_permissions_permission_id_84c5c92e" ON "auth_group_permissions" ("permission_id");
CREATE UNIQUE INDEX "auth_user_groups_user_id_group_id_94350c0c_uniq" ON "auth_user_groups" ("user_id", "group_id");
CREATE INDEX IF NOT EXISTS "auth_user_groups_user_id_6a12ed8b" ON "auth_user_groups" ("user_id");
CREATE INDEX IF NOT EXISTS "auth_user_groups_group_id_97559544" ON "auth_user_groups" ("group_id");
CREATE UNIQUE INDEX "auth_user_user_permissions_user_id_permission_id_14a6b632_uniq" ON "auth_user_user_permissions" ("user_id", "permission_id");
CREATE INDEX IF NOT EXISTS "auth_user_user_permissions_user_id_a95ead1b" ON "auth_user_user_permissions" ("user_id");
CREATE INDEX IF NOT EXISTS "auth_user_user_permissions_permission_id_1fbb5f2c" ON "auth_user_user_permissions" ("permission_id");
CREATE INDEX IF NOT EXISTS "django_admin_log_content_type_id_c4bce8eb" ON "django_admin_log" ("content_type_id");
CREATE INDEX IF NOT EXISTS "django_admin_log_user_id_c564eba6" ON "django_admin_log" ("user_id");
CREATE UNIQUE INDEX "django_content_type_app_label_model_76bd3d3b_uniq" ON "django_content_type" ("app_label", "model");
CREATE UNIQUE INDEX "auth_permission_content_type_id_codename_01ab375a_uniq" ON "auth_permission" ("content_type_id", "codename");
CREATE INDEX IF NOT EXISTS "auth_permission_content_type_id_2f476e4b" ON "auth_permission" ("content_type_id");
CREATE INDEX IF NOT EXISTS "django_session_expire_date_a5c62663" ON "django_session" ("expire_date");
CREATE TABLE IF NOT EXISTS "auth_user_user_permissions" ("id" integer NOT NULL PRIMARY KEY AUTOINCREMENT, "user_id" integer NOT NULL REFERENCES "auth_user" ("id") DEFERRABLE INITIALLY DEFERRED, "permission_id" integer NOT NULL REFERENCES "auth_permission" ("id") DEFERRABLE INITIALLY DEFERRED);
CREATE UNIQUE INDEX "auth_group_permissions_group_id_permission_id_0cd325b0_uniq" ON "auth_group_permissions" ("group_id", "permission_id");
CREATE INDEX IF NOT EXISTS "auth_group_permissions_group_id_b120cbf9" ON "auth_group_permissions" ("group_id");
CREATE INDEX IF NOT EXISTS "auth_group_permissions_permission_id_84c5c92e" ON "auth_group_permissions" ("permission_id");
CREATE UNIQUE INDEX "auth_user_groups_user_id_group_id_94350c0c_uniq" ON "auth_user_groups" ("user_id", "group_id");
CREATE INDEX IF NOT EXISTS "auth_user_groups_user_id_6a12ed8b" ON "auth_user_groups" ("user_id");
CREATE INDEX IF NOT EXISTS "auth_user_groups_group_id_97559544" ON "auth_user_groups" ("group_id");
CREATE UNIQUE INDEX "auth_user_user_permissions_user_id_permission_id_14a6b632_uniq" ON "auth_user_user_permissions" ("user_id", "permission_id");
CREATE INDEX IF NOT EXISTS "auth_user_user_permissions_user_id_a95ead1b" ON "auth_user_user_permissions" ("user_id");
CREATE INDEX IF NOT EXISTS "auth_user_user_permissions_permission_id_1fbb5f2c" ON "auth_user_user_permissions" ("permission_id");
CREATE INDEX IF NOT EXISTS "django_admin_log_content_type_id_c4bce8eb" ON "django_admin_log" ("content_type_id");
CREATE INDEX IF NOT EXISTS "django_admin_log_user_id_c564eba6" ON "django_admin_log" ("user_id");
CREATE UNIQUE INDEX "django_content_type_app_label_model_76bd3d3b_uniq" ON "django_content_type" ("app_label", "model");
CREATE UNIQUE INDEX "auth_permission_content_type_id_codename_01ab375a_uniq" ON "auth_permission" ("content_type_id", "codename");
CREATE INDEX IF NOT EXISTS "auth_permission_content_type_id_2f476e4b" ON "auth_permission" ("content_type_id");
CREATE INDEX IF NOT EXISTS "django_session_expire_date_a5c62663" ON "django_session" ("expire_date");
CREATE TABLE IF NOT EXISTS "django_admin_log" ("id" integer NOT NULL PRIMARY KEY AUTOINCREMENT, "action_time" datetime NOT NULL, "object_id" text NULL, "object_repr" varchar(200) NOT NULL, "change_message" text NOT NULL, "content_type_id" integer NULL REFERENCES "django_content_type" ("id") DEFERRABLE INITIALLY DEFERRED, "user_id" integer NOT NULL REFERENCES "auth_user" ("id") DEFERRABLE INITIALLY DEFERRED, "action_flag" smallint unsigned NOT NULL CHECK ("action_flag" >= 0));
INSERT INTO "django_admin_log" VALUES(1,'2022-02-27 03:41:51.265443','1','dsadadas','[{"added": {}}]',7,1,1);
INSERT INTO "django_admin_log" VALUES(2,'2022-02-27 03:41:53.560272','2','dsadada','[{"added": {}}]',7,1,1);
INSERT INTO "django_admin_log" VALUES(3,'2022-02-27 03:44:51.718449','2','dsadada','',7,1,3);
INSERT INTO "django_admin_log" VALUES(4,'2022-02-27 03:44:51.726456','1','dsadadas','',7,1,3);
INSERT INTO "django_admin_log" VALUES(5,'2022-02-27 03:46:18.838304','3','ewqrrw','[{"added": {}}]',7,1,1);
CREATE UNIQUE INDEX "auth_group_permissions_group_id_permission_id_0cd325b0_uniq" ON "auth_group_permissions" ("group_id", "permission_id");
CREATE INDEX IF NOT EXISTS "auth_group_permissions_group_id_b120cbf9" ON "auth_group_permissions" ("group_id");
CREATE INDEX IF NOT EXISTS "auth_group_permissions_permission_id_84c5c92e" ON "auth_group_permissions" ("permission_id");
CREATE UNIQUE INDEX "auth_user_groups_user_id_group_id_94350c0c_uniq" ON "auth_user_groups" ("user_id", "group_id");
CREATE INDEX IF NOT EXISTS "auth_user_groups_user_id_6a12ed8b" ON "auth_user_groups" ("user_id");
CREATE INDEX IF NOT EXISTS "auth_user_groups_group_id_97559544" ON "auth_user_groups" ("group_id");
CREATE UNIQUE INDEX "auth_user_user_permissions_user_id_permission_id_14a6b632_uniq" ON "auth_user_user_permissions" ("user_id", "permission_id");
CREATE INDEX IF NOT EXISTS "auth_user_user_permissions_user_id_a95ead1b" ON "auth_user_user_permissions" ("user_id");
CREATE INDEX IF NOT EXISTS "auth_user_user_permissions_permission_id_1fbb5f2c" ON "auth_user_user_permissions" ("permission_id");
CREATE INDEX IF NOT EXISTS "django_admin_log_content_type_id_c4bce8eb" ON "django_admin_log" ("content_type_id");
CREATE INDEX IF NOT EXISTS "django_admin_log_user_id_c564eba6" ON "django_admin_log" ("user_id");
CREATE UNIQUE INDEX "django_content_type_app_label_model_76bd3d3b_uniq" ON "django_content_type" ("app_label", "model");
CREATE UNIQUE INDEX "auth_permission_content_type_id_codename_01ab375a_uniq" ON "auth_permission" ("content_type_id", "codename");
CREATE INDEX IF NOT EXISTS "auth_permission_content_type_id_2f476e4b" ON "auth_permission" ("content_type_id");
CREATE INDEX IF NOT EXISTS "django_session_expire_date_a5c62663" ON "django_session" ("expire_date");
CREATE TABLE IF NOT EXISTS "django_content_type" ("id" integer NOT NULL PRIMARY KEY AUTOINCREMENT, "app_label" varchar(100) NOT NULL, "model" varchar(100) NOT NULL);
INSERT INTO "django_content_type" VALUES(1,'admin','logentry');
INSERT INTO "django_content_type" VALUES(2,'auth','permission');
INSERT INTO "django_content_type" VALUES(3,'auth','group');
INSERT INTO "django_content_type" VALUES(4,'auth','user');
INSERT INTO "django_content_type" VALUES(5,'contenttypes','contenttype');
INSERT INTO "django_content_type" VALUES(6,'sessions','session');
INSERT INTO "django_content_type" VALUES(7,'records','record');
CREATE UNIQUE INDEX "auth_group_permissions_group_id_permission_id_0cd325b0_uniq" ON "auth_group_permissions" ("group_id", "permission_id");
CREATE INDEX IF NOT EXISTS "auth_group_permissions_group_id_b120cbf9" ON "auth_group_permissions" ("group_id");
CREATE INDEX IF NOT EXISTS "auth_group_permissions_permission_id_84c5c92e" ON "auth_group_permissions" ("permission_id");
CREATE UNIQUE INDEX "auth_user_groups_user_id_group_id_94350c0c_uniq" ON "auth_user_groups" ("user_id", "group_id");
CREATE INDEX IF NOT EXISTS "auth_user_groups_user_id_6a12ed8b" ON "auth_user_groups" ("user_id");
CREATE INDEX IF NOT EXISTS "auth_user_groups_group_id_97559544" ON "auth_user_groups" ("group_id");
CREATE UNIQUE INDEX "auth_user_user_permissions_user_id_permission_id_14a6b632_uniq" ON "auth_user_user_permissions" ("user_id", "permission_id");
CREATE INDEX IF NOT EXISTS "auth_user_user_permissions_user_id_a95ead1b" ON "auth_user_user_permissions" ("user_id");
CREATE INDEX IF NOT EXISTS "auth_user_user_permissions_permission_id_1fbb5f2c" ON "auth_user_user_permissions" ("permission_id");
CREATE INDEX IF NOT EXISTS "django_admin_log_content_type_id_c4bce8eb" ON "django_admin_log" ("content_type_id");
CREATE INDEX IF NOT EXISTS "django_admin_log_user_id_c564eba6" ON "django_admin_log" ("user_id");
CREATE UNIQUE INDEX "django_content_type_app_label_model_76bd3d3b_uniq" ON "django_content_type" ("app_label", "model");
CREATE UNIQUE INDEX "auth_permission_content_type_id_codename_01ab375a_uniq" ON "auth_permission" ("content_type_id", "codename");
CREATE INDEX IF NOT EXISTS "auth_permission_content_type_id_2f476e4b" ON "auth_permission" ("content_type_id");
CREATE INDEX IF NOT EXISTS "django_session_expire_date_a5c62663" ON "django_session" ("expire_date");
CREATE TABLE IF NOT EXISTS "django_migrations" ("id" integer NOT NULL PRIMARY KEY AUTOINCREMENT, "app" varchar(255) NOT NULL, "name" varchar(255) NOT NULL, "applied" datetime NOT NULL);
INSERT INTO "django_migrations" VALUES(1,'contenttypes','0001_initial','2022-02-27 03:41:18.577733');
INSERT INTO "django_migrations" VALUES(2,'auth','0001_initial','2022-02-27 03:41:18.592742');
INSERT INTO "django_migrations" VALUES(3,'admin','0001_initial','2022-02-27 03:41:18.615547');
INSERT INTO "django_migrations" VALUES(4,'admin','0002_logentry_remove_auto_add','2022-02-27 03:41:18.628550');
INSERT INTO "django_migrations" VALUES(5,'admin','0003_logentry_add_action_flag_choices','2022-02-27 03:41:18.642106');
INSERT INTO "django_migrations" VALUES(6,'contenttypes','0002_remove_content_type_name','2022-02-27 03:41:18.659289');
INSERT INTO "django_migrations" VALUES(7,'auth','0002_alter_permission_name_max_length','2022-02-27 03:41:18.669931');
INSERT INTO "django_migrations" VALUES(8,'auth','0003_alter_user_email_max_length','2022-02-27 03:41:18.682849');
INSERT INTO "django_migrations" VALUES(9,'auth','0004_alter_user_username_opts','2022-02-27 03:41:18.695853');
INSERT INTO "django_migrations" VALUES(10,'auth','0005_alter_user_last_login_null','2022-02-27 03:41:18.706855');
INSERT INTO "django_migrations" VALUES(11,'auth','0006_require_contenttypes_0002','2022-02-27 03:41:18.712864');
INSERT INTO "django_migrations" VALUES(12,'auth','0007_alter_validators_add_error_messages','2022-02-27 03:41:18.725335');
INSERT INTO "django_migrations" VALUES(13,'auth','0008_alter_user_username_max_length','2022-02-27 03:41:18.737339');
INSERT INTO "django_migrations" VALUES(14,'auth','0009_alter_user_last_name_max_length','2022-02-27 03:41:18.749351');
INSERT INTO "django_migrations" VALUES(15,'auth','0010_alter_group_name_max_length','2022-02-27 03:41:18.759944');
INSERT INTO "django_migrations" VALUES(16,'auth','0011_update_proxy_permissions','2022-02-27 03:41:18.767867');
INSERT INTO "django_migrations" VALUES(17,'records','0001_initial','2022-02-27 03:41:18.775882');
INSERT INTO "django_migrations" VALUES(18,'sessions','0001_initial','2022-02-27 03:41:18.781896');
CREATE UNIQUE INDEX "auth_group_permissions_group_id_permission_id_0cd325b0_uniq" ON "auth_group_permissions" ("group_id", "permission_id");
CREATE INDEX IF NOT EXISTS "auth_group_permissions_group_id_b120cbf9" ON "auth_group_permissions" ("group_id");
CREATE INDEX IF NOT EXISTS "auth_group_permissions_permission_id_84c5c92e" ON "auth_group_permissions" ("permission_id");
CREATE UNIQUE INDEX "auth_user_groups_user_id_group_id_94350c0c_uniq" ON "auth_user_groups" ("user_id", "group_id");
CREATE INDEX IF NOT EXISTS "auth_user_groups_user_id_6a12ed8b" ON "auth_user_groups" ("user_id");
CREATE INDEX IF NOT EXISTS "auth_user_groups_group_id_97559544" ON "auth_user_groups" ("group_id");
CREATE UNIQUE INDEX "auth_user_user_permissions_user_id_permission_id_14a6b632_uniq" ON "auth_user_user_permissions" ("user_id", "permission_id");
CREATE INDEX IF NOT EXISTS "auth_user_user_permissions_user_id_a95ead1b" ON "auth_user_user_permissions" ("user_id");
CREATE INDEX IF NOT EXISTS "auth_user_user_permissions_permission_id_1fbb5f2c" ON "auth_user_user_permissions" ("permission_id");
CREATE INDEX IF NOT EXISTS "django_admin_log_content_type_id_c4bce8eb" ON "django_admin_log" ("content_type_id");
CREATE INDEX IF NOT EXISTS "django_admin_log_user_id_c564eba6" ON "django_admin_log" ("user_id");
CREATE UNIQUE INDEX "django_content_type_app_label_model_76bd3d3b_uniq" ON "django_content_type" ("app_label", "model");
CREATE UNIQUE INDEX "auth_permission_content_type_id_codename_01ab375a_uniq" ON "auth_permission" ("content_type_id", "codename");
CREATE INDEX IF NOT EXISTS "auth_permission_content_type_id_2f476e4b" ON "auth_permission" ("content_type_id");
CREATE INDEX IF NOT EXISTS "django_session_expire_date_a5c62663" ON "django_session" ("expire_date");
CREATE TABLE IF NOT EXISTS "django_session" ("session_key" varchar(40) NOT NULL PRIMARY KEY, "session_data" text NOT NULL, "expire_date" datetime NOT NULL);
INSERT INTO "django_session" VALUES('oe2w8j1umk8gpfgpasq1gy5ieter42fi','MjIzZWFlZDI2YjcxZWRiZDNiZWRmZDg3NTYwMzZjNTQwZGJjMDIyYjp7Il9hdXRoX3VzZXJfaWQiOiIxIiwiX2F1dGhfdXNlcl9iYWNrZW5kIjoiZGphbmdvLmNvbnRyaWIuYXV0aC5iYWNrZW5kcy5Nb2RlbEJhY2tlbmQiLCJfYXV0aF91c2VyX2hhc2giOiIyMDE2MTYxYWNkZTJkMmE5ZTNmZWUwNTJlNGQ0ZGEzMmE5YTkzZjc1In0=','2022-03-13 03:41:48.451063');
CREATE UNIQUE INDEX "auth_group_permissions_group_id_permission_id_0cd325b0_uniq" ON "auth_group_permissions" ("group_id", "permission_id");
CREATE INDEX IF NOT EXISTS "auth_group_permissions_group_id_b120cbf9" ON "auth_group_permissions" ("group_id");
CREATE INDEX IF NOT EXISTS "auth_group_permissions_permission_id_84c5c92e" ON "auth_group_permissions" ("permission_id");
CREATE UNIQUE INDEX "auth_user_groups_user_id_group_id_94350c0c_uniq" ON "auth_user_groups" ("user_id", "group_id");
CREATE INDEX IF NOT EXISTS "auth_user_groups_user_id_6a12ed8b" ON "auth_user_groups" ("user_id");
CREATE INDEX IF NOT EXISTS "auth_user_groups_group_id_97559544" ON "auth_user_groups" ("group_id");
CREATE UNIQUE INDEX "auth_user_user_permissions_user_id_permission_id_14a6b632_uniq" ON "auth_user_user_permissions" ("user_id", "permission_id");
CREATE INDEX IF NOT EXISTS "auth_user_user_permissions_user_id_a95ead1b" ON "auth_user_user_permissions" ("user_id");
CREATE INDEX IF NOT EXISTS "auth_user_user_permissions_permission_id_1fbb5f2c" ON "auth_user_user_permissions" ("permission_id");
CREATE INDEX IF NOT EXISTS "django_admin_log_content_type_id_c4bce8eb" ON "django_admin_log" ("content_type_id");
CREATE INDEX IF NOT EXISTS "django_admin_log_user_id_c564eba6" ON "django_admin_log" ("user_id");
CREATE UNIQUE INDEX "django_content_type_app_label_model_76bd3d3b_uniq" ON "django_content_type" ("app_label", "model");
CREATE UNIQUE INDEX "auth_permission_content_type_id_codename_01ab375a_uniq" ON "auth_permission" ("content_type_id", "codename");
CREATE INDEX IF NOT EXISTS "auth_permission_content_type_id_2f476e4b" ON "auth_permission" ("content_type_id");
CREATE INDEX IF NOT EXISTS "django_session_expire_date_a5c62663" ON "django_session" ("expire_date");
CREATE TABLE IF NOT EXISTS "records_record" ("id" integer NOT NULL PRIMARY KEY AUTOINCREMENT, "name" varchar(200) NOT NULL);
INSERT INTO "records_record" VALUES(3,'ewqrrw');
CREATE UNIQUE INDEX "auth_group_permissions_group_id_permission_id_0cd325b0_uniq" ON "auth_group_permissions" ("group_id", "permission_id");
CREATE INDEX IF NOT EXISTS "auth_group_permissions_group_id_b120cbf9" ON "auth_group_permissions" ("group_id");
CREATE INDEX IF NOT EXISTS "auth_group_permissions_permission_id_84c5c92e" ON "auth_group_permissions" ("permission_id");
CREATE UNIQUE INDEX "auth_user_groups_user_id_group_id_94350c0c_uniq" ON "auth_user_groups" ("user_id", "group_id");
CREATE INDEX IF NOT EXISTS "auth_user_groups_user_id_6a12ed8b" ON "auth_user_groups" ("user_id");
CREATE INDEX IF NOT EXISTS "auth_user_groups_group_id_97559544" ON "auth_user_groups" ("group_id");
CREATE UNIQUE INDEX "auth_user_user_permissions_user_id_permission_id_14a6b632_uniq" ON "auth_user_user_permissions" ("user_id", "permission_id");
CREATE INDEX IF NOT EXISTS "auth_user_user_permissions_user_id_a95ead1b" ON "auth_user_user_permissions" ("user_id");
CREATE INDEX IF NOT EXISTS "auth_user_user_permissions_permission_id_1fbb5f2c" ON "auth_user_user_permissions" ("permission_id");
CREATE INDEX IF NOT EXISTS "django_admin_log_content_type_id_c4bce8eb" ON "django_admin_log" ("content_type_id");
CREATE INDEX IF NOT EXISTS "django_admin_log_user_id_c564eba6" ON "django_admin_log" ("user_id");
CREATE UNIQUE INDEX "django_content_type_app_label_model_76bd3d3b_uniq" ON "django_content_type" ("app_label", "model");
CREATE UNIQUE INDEX "auth_permission_content_type_id_codename_01ab375a_uniq" ON "auth_permission" ("content_type_id", "codename");
CREATE INDEX IF NOT EXISTS "auth_permission_content_type_id_2f476e4b" ON "auth_permission" ("content_type_id");
CREATE INDEX IF NOT EXISTS "django_session_expire_date_a5c62663" ON "django_session" ("expire_date");
